project_folder,filename_raw,filename_decoded,relative_path,size_bytes
1er9ofamXntX_iCYxiSZ9gTgPrzcIikYpG5dhKwjQo40xR65Mf1QSmma6,#U30b3#U30fc#U30c9.js,コード.js,source/1er9ofamXntX_iCYxiSZ9gTgPrzcIikYpG5dhKwjQo40xR65Mf1QSmma6/#U30b3#U30fc#U30c9.js,15276
1er9ofamXntX_iCYxiSZ9gTgPrzcIikYpG5dhKwjQo40xR65Mf1QSmma6,#U30d6#U30e9#U30f3#U30c9#U4e00#U89a7#U30b5#U30de#U30ea#U4f5c#U6210(#U65e5#U6642).js,ブランド一覧サマリ作成(日時).js,source/1er9ofamXntX_iCYxiSZ9gTgPrzcIikYpG5dhKwjQo40xR65Mf1QSmma6/#U30d6#U30e9#U30f3#U30c9#U4e00#U89a7#U30b5#U30de#U30ea#U4f5c#U6210(#U65e5#U6642).js,26651
1er9ofamXntX_iCYxiSZ9gTgPrzcIikYpG5dhKwjQo40xR65Mf1QSmma6,#U30d7#U30ed#U30f3#U30d7#U30c8API#U5b9f#U884c.js,プロンプトAPI実行.js,source/1er9ofamXntX_iCYxiSZ9gTgPrzcIikYpG5dhKwjQo40xR65Mf1QSmma6/#U30d7#U30ed#U30f3#U30d7#U30c8API#U5b9f#U884c.js,10262
1er9ofamXntX_iCYxiSZ9gTgPrzcIikYpG5dhKwjQo40xR65Mf1QSmma6,#U5dee#U5206#U53d6#U5f97.js,差分取得.js,source/1er9ofamXntX_iCYxiSZ9gTgPrzcIikYpG5dhKwjQo40xR65Mf1QSmma6/#U5dee#U5206#U53d6#U5f97.js,16104
1er9ofamXntX_iCYxiSZ9gTgPrzcIikYpG5dhKwjQo40xR65Mf1QSmma6,#U5dee#U5206#U6bd4#U8f03.js,差分比較.js,source/1er9ofamXntX_iCYxiSZ9gTgPrzcIikYpG5dhKwjQo40xR65Mf1QSmma6/#U5dee#U5206#U6bd4#U8f03.js,10166
1er9ofamXntX_iCYxiSZ9gTgPrzcIikYpG5dhKwjQo40xR65Mf1QSmma6,#U66f4#U65b0#U5c65#U6b74#U30d0#U30c3#U30af#U30a2#U30c3#U30d7.js,更新履歴バックアップ.js,source/1er9ofamXntX_iCYxiSZ9gTgPrzcIikYpG5dhKwjQo40xR65Mf1QSmma6/#U66f4#U65b0#U5c65#U6b74#U30d0#U30c3#U30af#U30a2#U30c3#U30d7.js,5734
1er9ofamXntX_iCYxiSZ9gTgPrzcIikYpG5dhKwjQo40xR65Mf1QSmma6,#U66f4#U65b0#U9593#U306eGSC#U5dee#U5206#U8abf#U67fb.js,更新間のGSC差分調査.js,source/1er9ofamXntX_iCYxiSZ9gTgPrzcIikYpG5dhKwjQo40xR65Mf1QSmma6/#U66f4#U65b0#U9593#U306eGSC#U5dee#U5206#U8abf#U67fb.js,19875
1er9ofamXntX_iCYxiSZ9gTgPrzcIikYpG5dhKwjQo40xR65Mf1QSmma6,#U77ed#U671f#U8a55#U4fa1.js,短期評価.js,source/1er9ofamXntX_iCYxiSZ9gTgPrzcIikYpG5dhKwjQo40xR65Mf1QSmma6/#U77ed#U671f#U8a55#U4fa1.js,11410
1er9ofamXntX_iCYxiSZ9gTgPrzcIikYpG5dhKwjQo40xR65Mf1QSmma6,GSC#U30ad#U30fc#U30ef#U30fc#U30c9#U30d9#U30fc#U30b9.js,GSCキーワードベース.js,source/1er9ofamXntX_iCYxiSZ9gTgPrzcIikYpG5dhKwjQo40xR65Mf1QSmma6/GSC#U30ad#U30fc#U30ef#U30fc#U30c9#U30d9#U30fc#U30b9.js,31292
1er9ofamXntX_iCYxiSZ9gTgPrzcIikYpG5dhKwjQo40xR65Mf1QSmma6,SEO#U30d7#U30ed#U30f3#U30d7#U30c8#U4f5c#U6210.js,SEOプロンプト作成.js,source/1er9ofamXntX_iCYxiSZ9gTgPrzcIikYpG5dhKwjQo40xR65Mf1QSmma6/SEO#U30d7#U30ed#U30f3#U30d7#U30c8#U4f5c#U6210.js,82602
1er9ofamXntX_iCYxiSZ9gTgPrzcIikYpG5dhKwjQo40xR65Mf1QSmma6,appsscript.json,appsscript.json,source/1er9ofamXntX_iCYxiSZ9gTgPrzcIikYpG5dhKwjQo40xR65Mf1QSmma6/appsscript.json,522
1uSCA6wB10RozQoHPEZmI_eV3dxMBqoEiXVuXslov6PQdP57Yn2apfE3-,#U5185#U90e8#U30ea#U30f3#U30af#U30de#U30b9#U30bf.js,内部リンクマスタ.js,source/1uSCA6wB10RozQoHPEZmI_eV3dxMBqoEiXVuXslov6PQdP57Yn2apfE3-/#U5185#U90e8#U30ea#U30f3#U30af#U30de#U30b9#U30bf.js,18110
1uSCA6wB10RozQoHPEZmI_eV3dxMBqoEiXVuXslov6PQdP57Yn2apfE3-,#U7981#U5247#U30ef#U30fc#U30c9.js,禁則ワード.js,source/1uSCA6wB10RozQoHPEZmI_eV3dxMBqoEiXVuXslov6PQdP57Yn2apfE3-/#U7981#U5247#U30ef#U30fc#U30c9.js,7755
1uSCA6wB10RozQoHPEZmI_eV3dxMBqoEiXVuXslov6PQdP57Yn2apfE3-,#U89aa#U5b50#U95a2#U4fc2#U6b63#U898f#U5316.js,親子関係正規化.js,source/1uSCA6wB10RozQoHPEZmI_eV3dxMBqoEiXVuXslov6PQdP57Yn2apfE3-/#U89aa#U5b50#U95a2#U4fc2#U6b63#U898f#U5316.js,18017
1uSCA6wB10RozQoHPEZmI_eV3dxMBqoEiXVuXslov6PQdP57Yn2apfE3-,#U968e#U5c64#U30de#U30b9#U30bf#U66f4#U65b0.js,階層マスタ更新.js,source/1uSCA6wB10RozQoHPEZmI_eV3dxMBqoEiXVuXslov6PQdP57Yn2apfE3-/#U968e#U5c64#U30de#U30b9#U30bf#U66f4#U65b0.js,2574
1uSCA6wB10RozQoHPEZmI_eV3dxMBqoEiXVuXslov6PQdP57Yn2apfE3-,HTML#U30ad#U30e3#U30c3#U30b7#U30e5.js,HTMLキャッシュ.js,source/1uSCA6wB10RozQoHPEZmI_eV3dxMBqoEiXVuXslov6PQdP57Yn2apfE3-/HTML#U30ad#U30e3#U30c3#U30b7#U30e5.js,17564
1uSCA6wB10RozQoHPEZmI_eV3dxMBqoEiXVuXslov6PQdP57Yn2apfE3-,appsscript.json,appsscript.json,source/1uSCA6wB10RozQoHPEZmI_eV3dxMBqoEiXVuXslov6PQdP57Yn2apfE3-/appsscript.json,290
